{
	"class_name" : "PinholeCameraParameters",
	"extrinsic" : 
	[
		0.99412578190986278,
		-0.08585260248476885,
		-0.065903417124578312,
		0.0,
		-0.002196808451698395,
		-0.62479554758690559,
		0.78078530835832549,
		0.0,
		-0.10820861229463412,
		-0.77605402799171863,
		-0.62131396400137229,
		0.0,
		-50505.191028307439,
		17737.704179377517,
		-13245.416639150597,
		1.0
	],
	"intrinsic" : 
	{
		"height" : 920,
		"intrinsic_matrix" : 
		[
			796.74337148168365,
			0.0,
			0.0,
			0.0,
			796.74337148168365,
			0.0,
			924.5,
			459.5,
			1.0
		],
		"width" : 1850
	},
	"version_major" : 1,
	"version_minor" : 0
}